{"stat.mineBlock.1":1,"stat.useItem.146":52,"stat.useItem.46":36,"achievement.openInventory":1090,"stat.killEntity.Sheep":2,"stat.damageDealt":1370,"stat.useItem.97":23,"stat.useItem.3":484,"achievement.exploreAllBiomes":{"value":0,"progress":["Sunflower Plains","Tainted Land","Plains","Birch Forest","Roofed Forest","Eerie","River","ForestHills"]},"stat.mineBlock.31":20,"stat.useItem.259":792,"stat.useItem.323":2,"stat.useItem.16":1,"stat.flyOneCm":4286942,"stat.ae2.ItemsInserted":15641,"stat.useItem.69":67,"stat.climbOneCm":109,"stat.useItem.45":49,"stat.ae2.ItemsExtracted":15247,"stat.useItem.87":1,"stat.drop":90,"stat.damageTaken":510,"stat.diveOneCm":532,"stat.useItem.383":1,"stat.useItem.330":1,"stat.useItem.154":1,"stat.useItem.54":59,"stat.playOneMinute":1485855,"stat.useItem.278":22,"tconstruct.beginner":1,"stat.deaths":1,"stat.useItem.58":1,"stat.swimOneCm":3787,"stat.mineBlock.98":4,"stat.mobKills":10,"stat.useItem.98":7450,"stat.walkOneCm":2225745,"stat.useItem.145":1,"stat.jump":2745,"stat.mineBlock.50":1,"stat.useItem.1":19482,"stat.useItem.13":1,"stat.useItem.101":45}